family_code,broad_category,error_family,affected_outputs,percentage_all_336,percentage_failed,local_outputs,api_outputs,representative_atomic_checks,overlap_note
P1_WRONG_PARTICLE_OR_PROCESS,Physics/task-content,"Wrong particle, antiparticle, process, or multiparticle definition",31,9.2261904762,10.1307189542,27,4,correct_process;correct_proton_definition;uses_tbar_instead_of_t_tilde;correct_jet_definition,Non-exclusive: one output may contribute to multiple families.
P2_WRONG_NUMERICAL_RUN_SETUP,Physics/task-content,Wrong numerical collider or run setup,12,3.5714285714,3.9215686275,8,4,ebeam2_6500;ebeam1_6500;ptl_20;etal_2p5,Non-exclusive: one output may contribute to multiple families.
P3_WRONG_PHYSICS_STAGE_OR_WORKFLOW,Physics/task-content,Wrong requested physics stage or workflow,1,0.2976190476,0.3267973856,1,0,madspin_off,Non-exclusive: one output may contribute to multiple families.
P4_MISSING_REQUIRED_PHYSICS_CONTENT,Physics/task-content,Missing required prompt-stated physics/task content,168,50.0,54.9019607843,143,25,ebeam2_6500;ebeam1_6500;correct_proton_definition;iseed_42;nevents_10000;ptl_20;madspin_off;defines_proton,Non-exclusive: one output may contribute to multiple families.
P5_OTHER_PHYSICS_SEMANTIC,Physics/task-content,Other physics or task-content error,0,0.0,0.0,0,0,,Non-exclusive: one output may contribute to multiple families.
I1_INVALID_MADGRAPH_COMMAND_OR_KEYWORD,Interface/syntax/convention,"Invalid MadGraph command, keyword, or run-card syntax",184,54.7619047619,60.1307189542,143,41,ebeam1_6500;ebeam2_6500;uses_invalid_beam1_beam2_commands;detector_delphes;shower_pythia8;madspin_off;etal_2p5;nevents_10000,Non-exclusive: one output may contribute to multiple families.
I2_INVALID_PROCESS_EXPRESSION_SYNTAX,Interface/syntax/convention,Invalid process-expression syntax,115,34.2261904762,37.5816993464,105,10,correct_process;missing_generate_keyword;uses_process_keyword;uses_arrow_instead_of_madgraph_gt;uses_semicolon_syntax,Non-exclusive: one output may contribute to multiple families.
I3_OUTPUT_FORMAT_VIOLATION,Interface/syntax/convention,"Output-format violation, Markdown, prose, or chat text",180,53.5714285714,58.8235294118,139,41,includes_markdown_fence;no_markdown_fence;includes_explanation_not_file_only;no_long_explanation,Non-exclusive: one output may contribute to multiple families.
I4_OUTPUT_DIRECTORY_OR_NAMING,Interface/syntax/convention,Output-directory or benchmark naming convention,75,22.3214285714,24.5098039216,63,12,has_output_ttbar;has_output;has_output_hj,Non-exclusive: one output may contribute to multiple families.
I5_NONPHYSICS_BOOKKEEPING,Interface/syntax/convention,Non-physics bookkeeping or workflow-control requirement,128,38.0952380952,41.8300653595,100,28,has_launch;imports_sm,Non-exclusive: one output may contribute to multiple families.
I6_PARSER_OR_EXTRACTION_FAILURE,Interface/syntax/convention,Parser or extraction failure,27,8.0357142857,8.8235294118,26,1,has_run_card_assignments,Non-exclusive: one output may contribute to multiple families.
I7_OTHER_INTERFACE_CONVENTION,Interface/syntax/convention,Other interface or benchmark-convention error,0,0.0,0.0,0,0,,Non-exclusive: one output may contribute to multiple families.
U1_INFRASTRUCTURE_NO_MODEL_OUTPUT,Unresolved,Infrastructure failure with no model output,0,0.0,0.0,0,0,,Non-exclusive: one output may contribute to multiple families.
