model,repeat,mean_score,passes,tasks,display,canonical_mean,canonical_passes
gemma3:4b,1,0.6064285714285714,5,28,Gemma 3 4B,0.6025,3
gemma3:4b,2,0.624642857142857,4,28,Gemma 3 4B,0.6025,3
gemma3:4b,3,0.6039285714285715,3,28,Gemma 3 4B,0.6025,3
gemma3:4b,4,0.6121428571428572,4,28,Gemma 3 4B,0.6025,3
gemma3:4b,5,0.6010714285714285,4,28,Gemma 3 4B,0.6025,3
gemma4:26b,1,0.7798214285714286,15,28,Gemma 4 26B,0.7926785714285715,14
gemma4:26b,2,0.7594642857142857,16,28,Gemma 4 26B,0.7926785714285715,14
gemma4:26b,3,0.72,15,28,Gemma 4 26B,0.7926785714285715,14
gemma4:26b,4,0.7157142857142856,15,28,Gemma 4 26B,0.7926785714285715,14
gemma4:26b,5,0.7305357142857142,14,28,Gemma 4 26B,0.7926785714285715,14
granite4:32b-a9b-h,1,0.6882142857142857,9,28,Granite 4 32B-A9B,0.6971428571428572,8
granite4:32b-a9b-h,2,0.705,8,28,Granite 4 32B-A9B,0.6971428571428572,8
granite4:32b-a9b-h,3,0.6857142857142857,9,28,Granite 4 32B-A9B,0.6971428571428572,8
granite4:32b-a9b-h,4,0.6982142857142858,8,28,Granite 4 32B-A9B,0.6971428571428572,8
granite4:32b-a9b-h,5,0.7103571428571429,10,28,Granite 4 32B-A9B,0.6971428571428572,8
llama3.3:70b,1,0.7883928571428571,14,28,Llama 3.3 70B (local),0.7817857142857143,14
llama3.3:70b,2,0.79125,16,28,Llama 3.3 70B (local),0.7817857142857143,14
llama3.3:70b,3,0.7958928571428572,16,28,Llama 3.3 70B (local),0.7817857142857143,14
llama3.3:70b,4,0.7825,15,28,Llama 3.3 70B (local),0.7817857142857143,14
llama3.3:70b,5,0.7694642857142856,13,28,Llama 3.3 70B (local),0.7817857142857143,14
phi4:14b,1,0.7157142857142856,11,28,Phi-4 14B,0.718392857142857,11
phi4:14b,2,0.7142857142857143,10,28,Phi-4 14B,0.718392857142857,11
phi4:14b,3,0.7103571428571429,11,28,Phi-4 14B,0.718392857142857,11
phi4:14b,4,0.7260714285714285,12,28,Phi-4 14B,0.718392857142857,11
phi4:14b,5,0.7044642857142858,10,28,Phi-4 14B,0.718392857142857,11
qwen2.5-coder:14b,1,0.7217857142857144,10,28,Qwen2.5-Coder 14B,0.6841071428571429,9
qwen2.5-coder:14b,2,0.72875,10,28,Qwen2.5-Coder 14B,0.6841071428571429,9
qwen2.5-coder:14b,3,0.7225,11,28,Qwen2.5-Coder 14B,0.6841071428571429,9
qwen2.5-coder:14b,4,0.7185714285714286,10,28,Qwen2.5-Coder 14B,0.6841071428571429,9
qwen2.5-coder:14b,5,0.7432142857142857,10,28,Qwen2.5-Coder 14B,0.6841071428571429,9
qwen2.5-coder:7b,1,0.6673214285714285,7,28,Qwen2.5-Coder 7B,0.6642857142857144,6
qwen2.5-coder:7b,2,0.6619642857142857,8,28,Qwen2.5-Coder 7B,0.6642857142857144,6
qwen2.5-coder:7b,3,0.6516071428571429,6,28,Qwen2.5-Coder 7B,0.6642857142857144,6
qwen2.5-coder:7b,4,0.6664285714285715,6,28,Qwen2.5-Coder 7B,0.6642857142857144,6
qwen2.5-coder:7b,5,0.6442857142857142,5,28,Qwen2.5-Coder 7B,0.6642857142857144,6
qwen3-coder-next:Q4_K_M,1,0.7707142857142857,11,28,Qwen3-Coder-Next,0.7744642857142857,13
qwen3-coder-next:Q4_K_M,2,0.78125,14,28,Qwen3-Coder-Next,0.7744642857142857,13
qwen3-coder-next:Q4_K_M,3,0.7910714285714285,14,28,Qwen3-Coder-Next,0.7744642857142857,13
qwen3-coder-next:Q4_K_M,4,0.7878571428571428,14,28,Qwen3-Coder-Next,0.7744642857142857,13
qwen3-coder-next:Q4_K_M,5,0.7817857142857143,14,28,Qwen3-Coder-Next,0.7744642857142857,13
qwen3.5:27b,1,0.7830357142857143,12,28,Qwen3.5 27B,0.8132142857142857,13
qwen3.5:27b,2,0.80375,14,28,Qwen3.5 27B,0.8132142857142857,13
qwen3.5:27b,3,0.7732142857142856,13,28,Qwen3.5 27B,0.8132142857142857,13
qwen3.5:27b,4,0.7848214285714287,11,28,Qwen3.5 27B,0.8132142857142857,13
qwen3.5:27b,5,0.7692857142857142,12,28,Qwen3.5 27B,0.8132142857142857,13
qwen3:8b,1,0.7326785714285714,12,28,Qwen3 8B,0.7692857142857142,10
qwen3:8b,2,0.7598214285714285,12,28,Qwen3 8B,0.7692857142857142,10
qwen3:8b,3,0.7801785714285714,11,28,Qwen3 8B,0.7692857142857142,10
qwen3:8b,4,0.7483928571428571,10,28,Qwen3 8B,0.7692857142857142,10
qwen3:8b,5,0.7760714285714286,12,28,Qwen3 8B,0.7692857142857142,10
