response_number,model,prompt_file,prompt_sha256,raw_response_file,raw_response_sha256,raw_response_bytes,classification,source_manifest_record,verification_status
1,qwen2.5-coder:7b,prompt.txt,2be73fa7d4bec759f01ac4e402bea23b48df567a8eaf3e7c5bc19d5e913527d3,responses/response_001.txt,a3ea0202f8b684f9e3ffaef3afe3beded58fad571595e32badeb47e226001605,163,unrecognized_process_syntax,manifest.jsonl:L1,FOUND_AND_VERIFIED
2,qwen2.5-coder:7b,prompt.txt,2be73fa7d4bec759f01ac4e402bea23b48df567a8eaf3e7c5bc19d5e913527d3,responses/response_002.txt,ee4bc26bb25ed74670efffeaee0f62183b3962e7fa80b4574fea1facbd1448ab,312,unrecognized_process_syntax,manifest.jsonl:L2,FOUND_AND_VERIFIED
3,qwen2.5-coder:7b,prompt.txt,2be73fa7d4bec759f01ac4e402bea23b48df567a8eaf3e7c5bc19d5e913527d3,responses/response_003.txt,009c7ade365efa99dc3da9db50f01a1800918c7d92cc719bd1f6f27d7fc6ab27,106,textually_correct_antitop,manifest.jsonl:L3,FOUND_AND_VERIFIED
4,qwen2.5-coder:7b,prompt.txt,2be73fa7d4bec759f01ac4e402bea23b48df567a8eaf3e7c5bc19d5e913527d3,responses/response_004.txt,3506a17cd1cc47a4b2dfa934f1fd815fe0e6fb1005d48d070e4393566c8b1771,53,unrecognized_process_syntax,manifest.jsonl:L4,FOUND_AND_VERIFIED
5,qwen2.5-coder:7b,prompt.txt,2be73fa7d4bec759f01ac4e402bea23b48df567a8eaf3e7c5bc19d5e913527d3,responses/response_005.txt,d6ad6de90efad22da8c41c12b55276eb969f71b73a8f0e1501d48c8fbb1143e2,102,other_antitop_token,manifest.jsonl:L5,FOUND_AND_VERIFIED
6,qwen2.5-coder:7b,prompt.txt,2be73fa7d4bec759f01ac4e402bea23b48df567a8eaf3e7c5bc19d5e913527d3,responses/response_006.txt,24c1c4f5c5a8c46400f5c02e62ec894f84f2b0c00491f256f1bff7c56170a5c6,160,invalid_antitop_name,manifest.jsonl:L6,FOUND_AND_VERIFIED
7,qwen2.5-coder:7b,prompt.txt,2be73fa7d4bec759f01ac4e402bea23b48df567a8eaf3e7c5bc19d5e913527d3,responses/response_007.txt,e1465f19a8061ca94fe9b968772ef124ae7e094446e2eff1c39c1b297c10ec5c,1279,missing_generate_command,manifest.jsonl:L7,FOUND_AND_VERIFIED
8,qwen2.5-coder:7b,prompt.txt,2be73fa7d4bec759f01ac4e402bea23b48df567a8eaf3e7c5bc19d5e913527d3,responses/response_008.txt,90aec97bbfc70b41ccd574576b31066ea795c92409c5efe161255f627b3bf6ca,181,unrecognized_process_syntax,manifest.jsonl:L8,FOUND_AND_VERIFIED
9,qwen2.5-coder:7b,prompt.txt,2be73fa7d4bec759f01ac4e402bea23b48df567a8eaf3e7c5bc19d5e913527d3,responses/response_009.txt,99606668af24eb5c96d4ac942e382d3a60e186b6a16a711ffa544916d61d3711,401,invalid_antitop_name,manifest.jsonl:L9,FOUND_AND_VERIFIED
10,qwen2.5-coder:7b,prompt.txt,2be73fa7d4bec759f01ac4e402bea23b48df567a8eaf3e7c5bc19d5e913527d3,responses/response_010.txt,92eab08338071adb0b3e9cadbf6df76427562bf5c8bdf6bce5080cabdd0411e5,88,unrecognized_process_syntax,manifest.jsonl:L10,FOUND_AND_VERIFIED
11,qwen2.5-coder:7b,prompt.txt,2be73fa7d4bec759f01ac4e402bea23b48df567a8eaf3e7c5bc19d5e913527d3,responses/response_011.txt,dd1fea291d8ef527fa0e5352084da9bfc33d61a9a1ebaf5d421341258b0b016f,80,unrecognized_process_syntax,manifest.jsonl:L11,FOUND_AND_VERIFIED
12,qwen2.5-coder:7b,prompt.txt,2be73fa7d4bec759f01ac4e402bea23b48df567a8eaf3e7c5bc19d5e913527d3,responses/response_012.txt,4e34d6f7448fd4887c13ec9a314fe76536068fa9b3fe09d5f23807eb8b6674f6,101,invalid_antitop_name,manifest.jsonl:L12,FOUND_AND_VERIFIED
13,qwen2.5-coder:7b,prompt.txt,2be73fa7d4bec759f01ac4e402bea23b48df567a8eaf3e7c5bc19d5e913527d3,responses/response_013.txt,a05de683a69834f0299d464ab0ba993ef67ad5d7ab118658f70830185f1023b4,96,invalid_antitop_name,manifest.jsonl:L13,FOUND_AND_VERIFIED
14,qwen2.5-coder:7b,prompt.txt,2be73fa7d4bec759f01ac4e402bea23b48df567a8eaf3e7c5bc19d5e913527d3,responses/response_014.txt,fa10f042c9e35dc5046c33dfbd3244b22b3a2adeb553b7db51952980381e4b60,50,textually_correct_antitop,manifest.jsonl:L14,FOUND_AND_VERIFIED
15,qwen2.5-coder:7b,prompt.txt,2be73fa7d4bec759f01ac4e402bea23b48df567a8eaf3e7c5bc19d5e913527d3,responses/response_015.txt,f1b9ed9f06fb014e2501639d81fbc013b4785542139c4342a527484bccb9bb9b,98,textually_correct_antitop,manifest.jsonl:L15,FOUND_AND_VERIFIED
16,qwen2.5-coder:7b,prompt.txt,2be73fa7d4bec759f01ac4e402bea23b48df567a8eaf3e7c5bc19d5e913527d3,responses/response_016.txt,a4928208a0bfb6e47cead8963260f96495533c4a99d32ca3431bfb6f2c4b107f,91,textually_correct_antitop,manifest.jsonl:L16,FOUND_AND_VERIFIED
17,qwen2.5-coder:7b,prompt.txt,2be73fa7d4bec759f01ac4e402bea23b48df567a8eaf3e7c5bc19d5e913527d3,responses/response_017.txt,09653ed13a5121ace61fff8ec3b638ecaa3630fbf3fdc173b8ac667e21a65f4f,319,missing_generate_command,manifest.jsonl:L17,FOUND_AND_VERIFIED
18,qwen2.5-coder:7b,prompt.txt,2be73fa7d4bec759f01ac4e402bea23b48df567a8eaf3e7c5bc19d5e913527d3,responses/response_018.txt,3f880fe474dad877435179f2fed2935ff967ca04c0c234da4079bdbf41acb803,56,unrecognized_process_syntax,manifest.jsonl:L18,FOUND_AND_VERIFIED
19,qwen2.5-coder:7b,prompt.txt,2be73fa7d4bec759f01ac4e402bea23b48df567a8eaf3e7c5bc19d5e913527d3,responses/response_019.txt,f568bb51433d707e4a7bb0eabf7e3809949943f8d88be1586bd47be8ac9e3d19,209,missing_generate_command,manifest.jsonl:L19,FOUND_AND_VERIFIED
20,qwen2.5-coder:7b,prompt.txt,2be73fa7d4bec759f01ac4e402bea23b48df567a8eaf3e7c5bc19d5e913527d3,responses/response_020.txt,d0606f08f220bcac070aa807680e9dff7f5575b71ef0ef9ca016d50735d27cf6,67,textually_correct_antitop,manifest.jsonl:L20,FOUND_AND_VERIFIED
21,qwen2.5-coder:7b,prompt.txt,2be73fa7d4bec759f01ac4e402bea23b48df567a8eaf3e7c5bc19d5e913527d3,responses/response_021.txt,4ea1f0ec6d6d4956f70f1737c2771b1e6d2f28b602e95e3cd2d2d67e8138cbe5,67,other_antitop_token,manifest.jsonl:L21,FOUND_AND_VERIFIED
22,qwen2.5-coder:7b,prompt.txt,2be73fa7d4bec759f01ac4e402bea23b48df567a8eaf3e7c5bc19d5e913527d3,responses/response_022.txt,c4cc81a2ab10bb0d7546c0e07f2756cbf963920b801163387abe982757bb0853,375,missing_generate_command,manifest.jsonl:L22,FOUND_AND_VERIFIED
23,qwen2.5-coder:7b,prompt.txt,2be73fa7d4bec759f01ac4e402bea23b48df567a8eaf3e7c5bc19d5e913527d3,responses/response_023.txt,8c8b4d86684aa834bc95b3759ccd5ae486201a549fe92cf708e4fca1b9b3d1b6,94,missing_generate_command,manifest.jsonl:L23,FOUND_AND_VERIFIED
24,qwen2.5-coder:7b,prompt.txt,2be73fa7d4bec759f01ac4e402bea23b48df567a8eaf3e7c5bc19d5e913527d3,responses/response_024.txt,33a0ea5774b331e69bc24d2e2d563918c59eb1d8a7194360404d89c58c8f6e54,126,other_antitop_token,manifest.jsonl:L24,FOUND_AND_VERIFIED
25,qwen2.5-coder:7b,prompt.txt,2be73fa7d4bec759f01ac4e402bea23b48df567a8eaf3e7c5bc19d5e913527d3,responses/response_025.txt,da3a4a13b2d962036742f436e15bfe1eed0fc0ac3296c49ee97a80cbe9ac7e90,56,textually_correct_antitop,manifest.jsonl:L25,FOUND_AND_VERIFIED
26,qwen2.5-coder:7b,prompt.txt,2be73fa7d4bec759f01ac4e402bea23b48df567a8eaf3e7c5bc19d5e913527d3,responses/response_026.txt,aaa5abc8be83d41ed9df18d1118389f4e889964dad99f36b32776c8c25ecfd81,341,unrecognized_process_syntax,manifest.jsonl:L26,FOUND_AND_VERIFIED
27,qwen2.5-coder:7b,prompt.txt,2be73fa7d4bec759f01ac4e402bea23b48df567a8eaf3e7c5bc19d5e913527d3,responses/response_027.txt,2c147027238ff7ec0383a3587675c05af3755387f5cfc2af3afe13eaad854659,67,invalid_antitop_name,manifest.jsonl:L27,FOUND_AND_VERIFIED
28,qwen2.5-coder:7b,prompt.txt,2be73fa7d4bec759f01ac4e402bea23b48df567a8eaf3e7c5bc19d5e913527d3,responses/response_028.txt,722f206b1e19682a4ea29b13897df2398433b2d7e83d2dccc15b7f910148edb9,347,invalid_antitop_name,manifest.jsonl:L28,FOUND_AND_VERIFIED
29,qwen2.5-coder:7b,prompt.txt,2be73fa7d4bec759f01ac4e402bea23b48df567a8eaf3e7c5bc19d5e913527d3,responses/response_029.txt,a3d78690235d1e057e2578d1287f80ef154c38b2deb94630740089a8a622d61f,77,unrecognized_process_syntax,manifest.jsonl:L29,FOUND_AND_VERIFIED
30,qwen2.5-coder:7b,prompt.txt,2be73fa7d4bec759f01ac4e402bea23b48df567a8eaf3e7c5bc19d5e913527d3,responses/response_030.txt,f13f167de18cebd4309e2741512d20ecc8d054829c518b704c26b46362e7a04e,99,invalid_antitop_name,manifest.jsonl:L30,FOUND_AND_VERIFIED
31,qwen2.5-coder:7b,prompt.txt,2be73fa7d4bec759f01ac4e402bea23b48df567a8eaf3e7c5bc19d5e913527d3,responses/response_031.txt,b98fede71122524c018c2e4efa193d034fb989b17ab26d83ad202968291a835b,244,unrecognized_process_syntax,manifest.jsonl:L31,FOUND_AND_VERIFIED
32,qwen2.5-coder:7b,prompt.txt,2be73fa7d4bec759f01ac4e402bea23b48df567a8eaf3e7c5bc19d5e913527d3,responses/response_032.txt,caa3f6afd60a546549e3d47affb6953346aa12279a1d692cf6a76e95fb7e6d0f,185,unrecognized_process_syntax,manifest.jsonl:L32,FOUND_AND_VERIFIED
33,qwen2.5-coder:7b,prompt.txt,2be73fa7d4bec759f01ac4e402bea23b48df567a8eaf3e7c5bc19d5e913527d3,responses/response_033.txt,abd2ce630ce1b45bb18d71bbe407843a15e66e3e208557b24c2e73554010ee74,758,missing_generate_command,manifest.jsonl:L33,FOUND_AND_VERIFIED
34,qwen2.5-coder:7b,prompt.txt,2be73fa7d4bec759f01ac4e402bea23b48df567a8eaf3e7c5bc19d5e913527d3,responses/response_034.txt,d8e47f589e2edf00f69ba837f020859a15ddec7b92db1174ec5429e4f46414e7,129,invalid_antitop_name,manifest.jsonl:L34,FOUND_AND_VERIFIED
35,qwen2.5-coder:7b,prompt.txt,2be73fa7d4bec759f01ac4e402bea23b48df567a8eaf3e7c5bc19d5e913527d3,responses/response_035.txt,ae5cd9b8d722c76cd4f3b4424d6aefd4293811090b973cd9ac0e9ce059943ec3,137,invalid_antitop_name,manifest.jsonl:L35,FOUND_AND_VERIFIED
36,qwen2.5-coder:7b,prompt.txt,2be73fa7d4bec759f01ac4e402bea23b48df567a8eaf3e7c5bc19d5e913527d3,responses/response_036.txt,559f5775e82d2196459598cef3d58b25241ae64b15e7c132b63940729e38f39f,420,missing_generate_command,manifest.jsonl:L36,FOUND_AND_VERIFIED
37,qwen2.5-coder:7b,prompt.txt,2be73fa7d4bec759f01ac4e402bea23b48df567a8eaf3e7c5bc19d5e913527d3,responses/response_037.txt,52f267abeb2501258279a5c0726381c54089a0819bd30974924bf5b579150739,830,textually_correct_antitop,manifest.jsonl:L37,FOUND_AND_VERIFIED
38,qwen2.5-coder:7b,prompt.txt,2be73fa7d4bec759f01ac4e402bea23b48df567a8eaf3e7c5bc19d5e913527d3,responses/response_038.txt,a7c938b4990b958fa33b1728c6d7c61a027b1cde52e2b20b1b7c1ad194566b8d,129,unrecognized_process_syntax,manifest.jsonl:L38,FOUND_AND_VERIFIED
39,qwen2.5-coder:7b,prompt.txt,2be73fa7d4bec759f01ac4e402bea23b48df567a8eaf3e7c5bc19d5e913527d3,responses/response_039.txt,8c23c0298d33e2c8ccb3906a619ebb852f1ca7c027817774fce455ca5a7c4ea9,297,unrecognized_process_syntax,manifest.jsonl:L39,FOUND_AND_VERIFIED
40,qwen2.5-coder:7b,prompt.txt,2be73fa7d4bec759f01ac4e402bea23b48df567a8eaf3e7c5bc19d5e913527d3,responses/response_040.txt,eb6d77d1623d7d4eea89a2938b13d32c8f084d661c8501869a2d175b5502c8c5,115,missing_generate_command,manifest.jsonl:L40,FOUND_AND_VERIFIED
41,qwen2.5-coder:7b,prompt.txt,2be73fa7d4bec759f01ac4e402bea23b48df567a8eaf3e7c5bc19d5e913527d3,responses/response_041.txt,9f278b63ed6582264372fc0204fdbfb0dd78dbc683e6853bcea7413f59b092bd,67,invalid_antitop_name,manifest.jsonl:L41,FOUND_AND_VERIFIED
42,qwen2.5-coder:7b,prompt.txt,2be73fa7d4bec759f01ac4e402bea23b48df567a8eaf3e7c5bc19d5e913527d3,responses/response_042.txt,630431c25c753effda2bb0b64b4e6b28da31cb7877e07233f42206baf14127cf,85,missing_generate_command,manifest.jsonl:L42,FOUND_AND_VERIFIED
43,qwen2.5-coder:7b,prompt.txt,2be73fa7d4bec759f01ac4e402bea23b48df567a8eaf3e7c5bc19d5e913527d3,responses/response_043.txt,25bce17e9bb7ac521ec28daa9701ac28014898f54245e970bf34a99e27763a25,97,textually_correct_antitop,manifest.jsonl:L43,FOUND_AND_VERIFIED
44,qwen2.5-coder:7b,prompt.txt,2be73fa7d4bec759f01ac4e402bea23b48df567a8eaf3e7c5bc19d5e913527d3,responses/response_044.txt,b330d5f30708625f1349ce27c8792352b71e647563da47c8d9d3d867cbadefe0,370,textually_correct_antitop,manifest.jsonl:L44,FOUND_AND_VERIFIED
45,qwen2.5-coder:7b,prompt.txt,2be73fa7d4bec759f01ac4e402bea23b48df567a8eaf3e7c5bc19d5e913527d3,responses/response_045.txt,a07d6cec362ca96df4a75483e7467766158465ba3a8179e05166c0b0a3befcbd,70,other_antitop_token,manifest.jsonl:L45,FOUND_AND_VERIFIED
46,qwen2.5-coder:7b,prompt.txt,2be73fa7d4bec759f01ac4e402bea23b48df567a8eaf3e7c5bc19d5e913527d3,responses/response_046.txt,a5414775b2f0cf31b6489e999f1badd07b004b90187d540d6f19952871c568ed,491,unrecognized_process_syntax,manifest.jsonl:L46,FOUND_AND_VERIFIED
47,qwen2.5-coder:7b,prompt.txt,2be73fa7d4bec759f01ac4e402bea23b48df567a8eaf3e7c5bc19d5e913527d3,responses/response_047.txt,fb6d7e4a468674d27e536e415e5b475b9717d3c644279ed0483187248e8d596a,136,unrecognized_process_syntax,manifest.jsonl:L47,FOUND_AND_VERIFIED
48,qwen2.5-coder:7b,prompt.txt,2be73fa7d4bec759f01ac4e402bea23b48df567a8eaf3e7c5bc19d5e913527d3,responses/response_048.txt,ffd7b7a2f193da1a0c9be693b94a6c94fa36710a4fb97ced6681c10aa6d06f98,127,missing_generate_command,manifest.jsonl:L48,FOUND_AND_VERIFIED
49,qwen2.5-coder:7b,prompt.txt,2be73fa7d4bec759f01ac4e402bea23b48df567a8eaf3e7c5bc19d5e913527d3,responses/response_049.txt,558a886f8aba64948a01cb01c92ebc07117d298488971ce1187f89835ce0aca4,88,unrecognized_process_syntax,manifest.jsonl:L49,FOUND_AND_VERIFIED
50,qwen2.5-coder:7b,prompt.txt,2be73fa7d4bec759f01ac4e402bea23b48df567a8eaf3e7c5bc19d5e913527d3,responses/response_050.txt,0dcbcfb9eb41d73df27b133b3093c49828d4de5091277e20c21b7fc63eb4ae34,399,unrecognized_process_syntax,manifest.jsonl:L50,FOUND_AND_VERIFIED
51,qwen2.5-coder:7b,prompt.txt,2be73fa7d4bec759f01ac4e402bea23b48df567a8eaf3e7c5bc19d5e913527d3,responses/response_051.txt,7c26db21d33e2e3947c5c27abe404baa83759792f6b7feb1817c341945b38117,876,missing_generate_command,manifest.jsonl:L51,FOUND_AND_VERIFIED
52,qwen2.5-coder:7b,prompt.txt,2be73fa7d4bec759f01ac4e402bea23b48df567a8eaf3e7c5bc19d5e913527d3,responses/response_052.txt,a5684bef140d16d9dec0efa848b93d0a956e5c653bd370716f93d8d51800731b,59,invalid_antitop_name,manifest.jsonl:L52,FOUND_AND_VERIFIED
53,qwen2.5-coder:7b,prompt.txt,2be73fa7d4bec759f01ac4e402bea23b48df567a8eaf3e7c5bc19d5e913527d3,responses/response_053.txt,681ffaccf4ec7819483a33a1c461e84026341e9953ff10a1cbb9893794ba6ea6,81,textually_correct_antitop,manifest.jsonl:L53,FOUND_AND_VERIFIED
54,qwen2.5-coder:7b,prompt.txt,2be73fa7d4bec759f01ac4e402bea23b48df567a8eaf3e7c5bc19d5e913527d3,responses/response_054.txt,6065f28024f6a189f5899755ee0d4a9863a24e81ed72ed683fa69f08ff30f352,596,textually_correct_antitop,manifest.jsonl:L54,FOUND_AND_VERIFIED
55,qwen2.5-coder:7b,prompt.txt,2be73fa7d4bec759f01ac4e402bea23b48df567a8eaf3e7c5bc19d5e913527d3,responses/response_055.txt,b6b19c7dbd6cf150210fca094ad7fb0e8312f0743c7cd1af614d3dc004e0da1e,65,other_antitop_token,manifest.jsonl:L55,FOUND_AND_VERIFIED
56,qwen2.5-coder:7b,prompt.txt,2be73fa7d4bec759f01ac4e402bea23b48df567a8eaf3e7c5bc19d5e913527d3,responses/response_056.txt,df2001a9544d39a038c8bb3274477e6f3341abe61148912b72d2dd4d23033269,85,textually_correct_antitop,manifest.jsonl:L56,FOUND_AND_VERIFIED
57,qwen2.5-coder:7b,prompt.txt,2be73fa7d4bec759f01ac4e402bea23b48df567a8eaf3e7c5bc19d5e913527d3,responses/response_057.txt,0d67c84abb5982d14ec8c5137dde787d3811306414f69c7e2435832af6cf4ca2,493,invalid_antitop_name,manifest.jsonl:L57,FOUND_AND_VERIFIED
58,qwen2.5-coder:7b,prompt.txt,2be73fa7d4bec759f01ac4e402bea23b48df567a8eaf3e7c5bc19d5e913527d3,responses/response_058.txt,222e3cd3a752a83d69a820b9da3123915c651296a432d2dcb555448a29f16020,89,invalid_antitop_name,manifest.jsonl:L58,FOUND_AND_VERIFIED
59,qwen2.5-coder:7b,prompt.txt,2be73fa7d4bec759f01ac4e402bea23b48df567a8eaf3e7c5bc19d5e913527d3,responses/response_059.txt,2c4937e6cc772b6f735bf7c4809bd998c0fb7d545c1644d7616a80342c96b123,121,unrecognized_process_syntax,manifest.jsonl:L59,FOUND_AND_VERIFIED
60,qwen2.5-coder:7b,prompt.txt,2be73fa7d4bec759f01ac4e402bea23b48df567a8eaf3e7c5bc19d5e913527d3,responses/response_060.txt,4e1ea2bf6d024309f67c53e418e367f53c168b9da2b77e750431680ef60595f4,458,missing_generate_command,manifest.jsonl:L60,FOUND_AND_VERIFIED
61,qwen2.5-coder:7b,prompt.txt,2be73fa7d4bec759f01ac4e402bea23b48df567a8eaf3e7c5bc19d5e913527d3,responses/response_061.txt,b4a77c35ebb7d09a7cda113546135dfcdabf3934d9edd5baf5effa1e08f2a3e8,55,invalid_antitop_name,manifest.jsonl:L61,FOUND_AND_VERIFIED
62,qwen2.5-coder:7b,prompt.txt,2be73fa7d4bec759f01ac4e402bea23b48df567a8eaf3e7c5bc19d5e913527d3,responses/response_062.txt,4544bbdf5762cb10d94886b6ffef862f304ee08a55ff01860e98b41ee26a3931,363,unrecognized_process_syntax,manifest.jsonl:L62,FOUND_AND_VERIFIED
63,qwen2.5-coder:7b,prompt.txt,2be73fa7d4bec759f01ac4e402bea23b48df567a8eaf3e7c5bc19d5e913527d3,responses/response_063.txt,71e40ac7155824089a2ebdda912565706be04e171e25efd8feb5a151da888ec7,124,unrecognized_process_syntax,manifest.jsonl:L63,FOUND_AND_VERIFIED
64,qwen2.5-coder:7b,prompt.txt,2be73fa7d4bec759f01ac4e402bea23b48df567a8eaf3e7c5bc19d5e913527d3,responses/response_064.txt,af94175bdf9d91674c5e0761f9e60a63b03147946276ef4bf8191ab1f06bb68b,859,unrecognized_process_syntax,manifest.jsonl:L64,FOUND_AND_VERIFIED
65,qwen2.5-coder:7b,prompt.txt,2be73fa7d4bec759f01ac4e402bea23b48df567a8eaf3e7c5bc19d5e913527d3,responses/response_065.txt,5e5523d8a53f79e1dfbfad7acb3acdc2eb1cda1c04dfc26dbbddd0f20f630502,48,invalid_antitop_name,manifest.jsonl:L65,FOUND_AND_VERIFIED
66,qwen2.5-coder:7b,prompt.txt,2be73fa7d4bec759f01ac4e402bea23b48df567a8eaf3e7c5bc19d5e913527d3,responses/response_066.txt,d8a257498f5ce1bd1e80f11c36066c6b27ed8534ee56a0216cbb70ec9a8c9e50,111,textually_correct_antitop,manifest.jsonl:L66,FOUND_AND_VERIFIED
67,qwen2.5-coder:7b,prompt.txt,2be73fa7d4bec759f01ac4e402bea23b48df567a8eaf3e7c5bc19d5e913527d3,responses/response_067.txt,1240b4bc9e1f1ae7e49a194b978ff2ddb40d69b4944510f84f35573d9da61ee9,278,unrecognized_process_syntax,manifest.jsonl:L67,FOUND_AND_VERIFIED
68,qwen2.5-coder:7b,prompt.txt,2be73fa7d4bec759f01ac4e402bea23b48df567a8eaf3e7c5bc19d5e913527d3,responses/response_068.txt,342e0a6381ad962f223fd0499aeae11f7ecd57e426e4f8ebe9d55ac4187afe72,96,textually_correct_antitop,manifest.jsonl:L68,FOUND_AND_VERIFIED
69,qwen2.5-coder:7b,prompt.txt,2be73fa7d4bec759f01ac4e402bea23b48df567a8eaf3e7c5bc19d5e913527d3,responses/response_069.txt,d438e33a765c7e2b6d5d0557debd0170c9ffa3ea7da6af5d7e03120d88dc54b2,57,unrecognized_process_syntax,manifest.jsonl:L69,FOUND_AND_VERIFIED
70,qwen2.5-coder:7b,prompt.txt,2be73fa7d4bec759f01ac4e402bea23b48df567a8eaf3e7c5bc19d5e913527d3,responses/response_070.txt,ba78cd359e4fc8b2651b7508c1cf84b18531ea924f356113ebf36cce8bc9a010,84,textually_correct_antitop,manifest.jsonl:L70,FOUND_AND_VERIFIED
71,qwen2.5-coder:7b,prompt.txt,2be73fa7d4bec759f01ac4e402bea23b48df567a8eaf3e7c5bc19d5e913527d3,responses/response_071.txt,8d332546ccb48c18d81abfb62ad2f9a7b43a8c53849b1bcb9f41a09cfa0e5431,97,missing_generate_command,manifest.jsonl:L71,FOUND_AND_VERIFIED
72,qwen2.5-coder:7b,prompt.txt,2be73fa7d4bec759f01ac4e402bea23b48df567a8eaf3e7c5bc19d5e913527d3,responses/response_072.txt,19a3615f932bdfd1805b106cf5e063eb22dd381c055999fb6a25fc7e8b5a8ecc,88,invalid_antitop_name,manifest.jsonl:L72,FOUND_AND_VERIFIED
73,qwen2.5-coder:7b,prompt.txt,2be73fa7d4bec759f01ac4e402bea23b48df567a8eaf3e7c5bc19d5e913527d3,responses/response_073.txt,0e055b1089328559b2df2953fa43e69241be214ee77a7be2834faa526ad694c4,76,textually_correct_antitop,manifest.jsonl:L73,FOUND_AND_VERIFIED
74,qwen2.5-coder:7b,prompt.txt,2be73fa7d4bec759f01ac4e402bea23b48df567a8eaf3e7c5bc19d5e913527d3,responses/response_074.txt,53d64ec9deff3d930f4a99ce3f2752b19434ad79ef497971cfe3de8b95d9f9bf,138,textually_correct_antitop,manifest.jsonl:L74,FOUND_AND_VERIFIED
75,qwen2.5-coder:7b,prompt.txt,2be73fa7d4bec759f01ac4e402bea23b48df567a8eaf3e7c5bc19d5e913527d3,responses/response_075.txt,116b4dbfd078e41d362237f60a254f17120cdf776cd14257cd2a2caf85fde797,326,invalid_antitop_name,manifest.jsonl:L75,FOUND_AND_VERIFIED
76,qwen2.5-coder:7b,prompt.txt,2be73fa7d4bec759f01ac4e402bea23b48df567a8eaf3e7c5bc19d5e913527d3,responses/response_076.txt,c00c432b9a84dc70104b8a05995ec829c00a0606a05a8b6a398d81cf2a25651a,189,missing_generate_command,manifest.jsonl:L76,FOUND_AND_VERIFIED
77,qwen2.5-coder:7b,prompt.txt,2be73fa7d4bec759f01ac4e402bea23b48df567a8eaf3e7c5bc19d5e913527d3,responses/response_077.txt,d274a7c3f5b792f0cb95fdd0385240be7398948513d5c229735df2325798355e,48,unrecognized_process_syntax,manifest.jsonl:L77,FOUND_AND_VERIFIED
78,qwen2.5-coder:7b,prompt.txt,2be73fa7d4bec759f01ac4e402bea23b48df567a8eaf3e7c5bc19d5e913527d3,responses/response_078.txt,9172a4ad0986b63ace59772d94a85f80d7c85a7f509df23f0d315d3a470090b4,99,invalid_antitop_name,manifest.jsonl:L78,FOUND_AND_VERIFIED
79,qwen2.5-coder:7b,prompt.txt,2be73fa7d4bec759f01ac4e402bea23b48df567a8eaf3e7c5bc19d5e913527d3,responses/response_079.txt,a082c3c6b09403304f10104c953c926dfde07c7dc8122d826a3a11a4ee3d5f00,367,missing_generate_command,manifest.jsonl:L79,FOUND_AND_VERIFIED
80,qwen2.5-coder:7b,prompt.txt,2be73fa7d4bec759f01ac4e402bea23b48df567a8eaf3e7c5bc19d5e913527d3,responses/response_080.txt,498c697d67d1812a13e3341c5a3265c4a7ec13d7fe947aac3898ed986d0fefba,97,unrecognized_process_syntax,manifest.jsonl:L80,FOUND_AND_VERIFIED
81,qwen2.5-coder:7b,prompt.txt,2be73fa7d4bec759f01ac4e402bea23b48df567a8eaf3e7c5bc19d5e913527d3,responses/response_081.txt,f5dc67549420587d593e5536d88bdce7b688df920b6077e8af3c5cc99dc93087,395,missing_generate_command,manifest.jsonl:L81,FOUND_AND_VERIFIED
82,qwen2.5-coder:7b,prompt.txt,2be73fa7d4bec759f01ac4e402bea23b48df567a8eaf3e7c5bc19d5e913527d3,responses/response_082.txt,3c1cd7851dc20bc768b0d5d0d661dca78771f44a70d3054d5cdb6a5f49b4f862,108,missing_generate_command,manifest.jsonl:L82,FOUND_AND_VERIFIED
83,qwen2.5-coder:7b,prompt.txt,2be73fa7d4bec759f01ac4e402bea23b48df567a8eaf3e7c5bc19d5e913527d3,responses/response_083.txt,6499641dcea630433ec7b74aec936d3a883416baefe70046036405c1b33d0585,434,unrecognized_process_syntax,manifest.jsonl:L83,FOUND_AND_VERIFIED
84,qwen2.5-coder:7b,prompt.txt,2be73fa7d4bec759f01ac4e402bea23b48df567a8eaf3e7c5bc19d5e913527d3,responses/response_084.txt,27e132d44da467ff9aa9e4d7567d48dedc4d9d06fa560b105f266cc753ccc459,107,textually_correct_antitop,manifest.jsonl:L84,FOUND_AND_VERIFIED
85,qwen2.5-coder:7b,prompt.txt,2be73fa7d4bec759f01ac4e402bea23b48df567a8eaf3e7c5bc19d5e913527d3,responses/response_085.txt,1e66da9ee41197b443ce6164136a43a362afc722556609f333393d92899fbb72,93,textually_correct_antitop,manifest.jsonl:L85,FOUND_AND_VERIFIED
86,qwen2.5-coder:7b,prompt.txt,2be73fa7d4bec759f01ac4e402bea23b48df567a8eaf3e7c5bc19d5e913527d3,responses/response_086.txt,315639214cd6334fa293817e00e6e8c6ffaee64bd4dba0b2578a6a3b81655ea1,92,unrecognized_process_syntax,manifest.jsonl:L86,FOUND_AND_VERIFIED
87,qwen2.5-coder:7b,prompt.txt,2be73fa7d4bec759f01ac4e402bea23b48df567a8eaf3e7c5bc19d5e913527d3,responses/response_087.txt,1214841d805abd74e7001f347de3e2f3b865c935a9a64c58a6f68661d21a955f,171,invalid_antitop_name,manifest.jsonl:L87,FOUND_AND_VERIFIED
88,qwen2.5-coder:7b,prompt.txt,2be73fa7d4bec759f01ac4e402bea23b48df567a8eaf3e7c5bc19d5e913527d3,responses/response_088.txt,09c36ba6e55482dc3c884955562d20bde301fde586ec2f90e99f96de26e39f1c,120,textually_correct_antitop,manifest.jsonl:L88,FOUND_AND_VERIFIED
89,qwen2.5-coder:7b,prompt.txt,2be73fa7d4bec759f01ac4e402bea23b48df567a8eaf3e7c5bc19d5e913527d3,responses/response_089.txt,28a2addb234291c8c31f681dc80ec9e83b7c987d433eca3e37086a3531f80095,172,textually_correct_antitop,manifest.jsonl:L89,FOUND_AND_VERIFIED
90,qwen2.5-coder:7b,prompt.txt,2be73fa7d4bec759f01ac4e402bea23b48df567a8eaf3e7c5bc19d5e913527d3,responses/response_090.txt,22fd873a09c0b2d5ea471f8102ed289dd7b84bacf385038b949d09728a055068,87,textually_correct_antitop,manifest.jsonl:L90,FOUND_AND_VERIFIED
91,qwen2.5-coder:7b,prompt.txt,2be73fa7d4bec759f01ac4e402bea23b48df567a8eaf3e7c5bc19d5e913527d3,responses/response_091.txt,e1910aca717f4bf16331efdfd967044e270ba613f70ffa65191b415fb55cc707,77,textually_correct_antitop,manifest.jsonl:L91,FOUND_AND_VERIFIED
92,qwen2.5-coder:7b,prompt.txt,2be73fa7d4bec759f01ac4e402bea23b48df567a8eaf3e7c5bc19d5e913527d3,responses/response_092.txt,c9014bcbe72e302d155469ea480249dbb6487beb0e6ee81fe74d079340a95efb,81,invalid_antitop_name,manifest.jsonl:L92,FOUND_AND_VERIFIED
93,qwen2.5-coder:7b,prompt.txt,2be73fa7d4bec759f01ac4e402bea23b48df567a8eaf3e7c5bc19d5e913527d3,responses/response_093.txt,93eca6051d215eb09c7cd0ee097a358da19f92728616dc64771d9084d89eb9dd,56,invalid_antitop_name,manifest.jsonl:L93,FOUND_AND_VERIFIED
94,qwen2.5-coder:7b,prompt.txt,2be73fa7d4bec759f01ac4e402bea23b48df567a8eaf3e7c5bc19d5e913527d3,responses/response_094.txt,1f288fb0dbff6138c6139df3890e8aebb8a38ab73db6a15c486f48bfa1b04cac,1022,unrecognized_process_syntax,manifest.jsonl:L94,FOUND_AND_VERIFIED
95,qwen2.5-coder:7b,prompt.txt,2be73fa7d4bec759f01ac4e402bea23b48df567a8eaf3e7c5bc19d5e913527d3,responses/response_095.txt,a5ddcf78896767994e90d86298fa593cf220329d285d3b4f17b58ca848d8cdfb,70,invalid_antitop_name,manifest.jsonl:L95,FOUND_AND_VERIFIED
96,qwen2.5-coder:7b,prompt.txt,2be73fa7d4bec759f01ac4e402bea23b48df567a8eaf3e7c5bc19d5e913527d3,responses/response_096.txt,414b11335afa6987f73d0dc028bf515ec0faba70734d80f158bbd0eb0acdbc84,77,invalid_antitop_name,manifest.jsonl:L96,FOUND_AND_VERIFIED
97,qwen2.5-coder:7b,prompt.txt,2be73fa7d4bec759f01ac4e402bea23b48df567a8eaf3e7c5bc19d5e913527d3,responses/response_097.txt,77aa9ab7ce3f838706e59ff8dcb9e9c1c2ec81684d4e2531c2e046ad92fab842,44,textually_correct_antitop,manifest.jsonl:L97,FOUND_AND_VERIFIED
98,qwen2.5-coder:7b,prompt.txt,2be73fa7d4bec759f01ac4e402bea23b48df567a8eaf3e7c5bc19d5e913527d3,responses/response_098.txt,e1ad6873bf5efe7a51e38fd3543bfad839f2eeae445516c874c54fd20116fa18,81,unrecognized_process_syntax,manifest.jsonl:L98,FOUND_AND_VERIFIED
99,qwen2.5-coder:7b,prompt.txt,2be73fa7d4bec759f01ac4e402bea23b48df567a8eaf3e7c5bc19d5e913527d3,responses/response_099.txt,4c711045ba0ff7d4a59b1686468da3e42473502ba878bc44268fb550e4f90e89,253,missing_generate_command,manifest.jsonl:L99,FOUND_AND_VERIFIED
100,qwen2.5-coder:7b,prompt.txt,2be73fa7d4bec759f01ac4e402bea23b48df567a8eaf3e7c5bc19d5e913527d3,responses/response_100.txt,e49787301dd32aa7c79e12c6748e07a998c75424f607275a916ba6ad0fe2ebd6,300,unrecognized_process_syntax,manifest.jsonl:L100,FOUND_AND_VERIFIED
